City_ID,City,Lat,Lng,Max Temp,Humidity,Cloudiness,Wind Speed,Country,Date
0,abha,18.2164,42.5053,283.05,50,0,0.0,SA,1676772013
1,skelleftea,64.7507,20.9528,271.48,100,100,2.57,SE,1676772052
2,geraldton,-28.7667,114.6,299.38,65,2,7.72,AU,1676771882
3,thompson,55.7435,-97.8558,247.24,84,0,1.03,CA,1676771890
4,portland,45.5234,-122.6762,282.07,86,100,3.6,US,1676771829
5,yellowknife,62.456,-114.3525,244.44,76,20,1.54,CA,1676772008
6,hobart,-42.8794,147.3294,301.07,37,0,8.75,AU,1676772055
7,severo-kurilsk,50.6789,156.125,267.29,75,99,2.9,RU,1676772056
8,rikitea,-23.1203,-134.9692,299.76,76,86,7.6,PF,1676772056
9,nikolskoye,59.7035,30.7861,268.1,91,100,5.34,RU,1676772057
10,ornskoldsvik,63.2909,18.7153,271.68,86,75,6.69,SE,1676772057
11,lata,40.1629,-8.3327,282.45,87,68,1.65,PT,1676772058
12,punta arenas,-53.15,-70.9167,282.21,76,75,7.72,CL,1676772058
13,tucupita,9.0622,-62.051,292.86,87,0,1.63,VE,1676772059
14,lazaro cardenas,17.9583,-102.2,297.67,69,0,2.77,MX,1676772059
15,avarua,-21.2078,-159.775,301.18,83,21,4.12,CK,1676772060
16,sokoni,-6.4333,39.55,299.07,74,99,5.97,TZ,1676772060
17,esperance,-33.8667,121.9,298.33,62,1,5.93,AU,1676772061
18,tibati,6.4667,12.6333,291.26,26,44,1.6,CM,1676772062
19,high rock,26.6208,-78.2833,295.16,74,98,7.0,BS,1676772062
20,jamestown,42.097,-79.2353,275.77,53,0,3.09,US,1676772063
21,mataura,-46.1927,168.8643,288.42,87,96,3.99,NZ,1676772064
22,kant,27.8,79.8,288.92,73,0,1.17,IN,1676772067
23,lompoc,34.6391,-120.4579,288.23,54,75,2.57,US,1676771945
24,port alfred,-33.5906,26.891,292.69,97,88,0.89,ZA,1676772074
25,puerto ayora,-0.7393,-90.3518,300.12,93,40,1.79,EC,1676772074
26,fortuna,40.5982,-124.1573,282.4,90,20,3.09,US,1676772075
27,verkhoyansk,67.5447,133.385,237.68,99,99,0.78,RU,1676772075
28,beringovskiy,63.05,179.3167,251.96,95,100,6.2,RU,1676772081
29,ushuaia,-54.8,-68.3,282.96,76,75,2.06,AR,1676772088
30,kruisfontein,-34.0033,24.7314,290.31,81,21,1.25,ZA,1676772091
31,bluff,-46.6,168.3333,288.6,82,94,6.84,NZ,1676772092
32,busselton,-33.65,115.3333,298.37,45,18,4.64,AU,1676772093
33,arequipa,-16.3989,-71.535,287.19,94,75,1.54,PE,1676771812
34,kapaa,22.0752,-159.319,299.33,82,95,0.89,US,1676772097
35,wanning,18.8003,110.3967,295.79,79,77,4.86,CN,1676772098
36,kodiak,57.79,-152.4072,275.74,85,53,3.21,US,1676772100
37,ulladulla,-35.35,150.4667,297.58,56,4,3.14,AU,1676772100
38,cape town,-33.9258,18.4232,293.36,77,0,4.12,ZA,1676772101
39,inuvik,68.3499,-133.7218,248.63,77,75,2.57,CA,1676772047
40,hermanus,-34.4187,19.2345,290.82,82,80,3.25,ZA,1676772102
41,constitucion,-35.3333,-72.4167,286.73,85,0,1.9,CL,1676772102
42,peniche,39.3558,-9.3811,287.29,78,2,3.76,PT,1676772103
43,saskylakh,71.9167,114.0833,252.4,98,100,4.06,RU,1676772103
44,salacgriva,57.7536,24.3581,273.95,77,100,10.89,LV,1676772104
45,hilo,19.7297,-155.09,294.32,97,100,2.06,US,1676771863
46,albany,42.6001,-73.9662,273.93,56,39,0.45,US,1676772001
47,dawson creek,55.7666,-120.2362,262.95,73,0,1.03,CA,1676772048
48,san cristobal,7.7669,-72.225,293.25,85,37,0.95,VE,1676771922
49,carnarvon,-24.8667,113.6333,300.6,65,0,7.19,AU,1676772105
50,taitung,22.7583,121.1444,297.3,57,75,3.09,TW,1676772105
51,katsuura,35.1333,140.3,290.8,77,85,17.23,JP,1676772106
52,yumen,40.2833,97.2,268.31,34,77,4.08,CN,1676772106
53,new norfolk,-42.7826,147.0587,300.88,30,100,3.13,AU,1676772107
54,gat,31.61,34.7642,286.15,75,1,2.79,IL,1676772061
55,padang,-0.9492,100.3543,299.18,74,82,1.06,ID,1676772035
56,nur,52.6683,22.3221,275.82,66,62,7.18,PL,1676772108
57,vostok,46.4856,135.8833,261.76,78,100,1.48,RU,1676772108
58,hithadhoo,-0.6,73.0833,300.32,74,100,2.43,MV,1676772108
59,ponta do sol,32.6667,-17.1,290.77,61,18,2.49,PT,1676772109
60,port hardy,50.6996,-127.4199,280.25,76,75,3.09,CA,1676772048
61,luderitz,-26.6481,15.1594,288.98,92,0,4.13,NA,1676772109
62,ancud,-41.8697,-73.8203,286.52,88,78,0.59,CL,1676772110
63,kununurra,-15.7667,128.7333,304.14,70,40,2.57,AU,1676772005
64,matara,5.9485,80.5353,297.23,87,62,3.18,LK,1676772110
65,bathsheba,13.2167,-59.5167,298.49,78,40,7.72,BB,1676772111
66,salalah,17.0151,54.0924,295.37,40,53,9.2,OM,1676772112
67,pevek,69.7008,170.3133,239.11,91,100,0.81,RU,1676772112
68,surt,31.2089,16.5887,286.25,70,0,0.82,LY,1676772113
69,kahului,20.8947,-156.47,299.17,73,40,3.09,US,1676772034
70,cabo san lucas,22.8909,-109.9124,294.76,80,69,2.85,MX,1676771972
71,port lincoln,-34.7333,135.8667,297.76,50,0,2.15,AU,1676772114
72,cidreira,-30.1811,-50.2056,291.36,55,38,3.37,BR,1676772114
73,san quintin,30.4833,-115.95,287.26,57,0,1.75,MX,1676772032
74,rawicz,51.6095,16.8585,278.79,99,100,2.95,PL,1676772116
75,bredasdorp,-34.5322,20.0403,290.9,81,75,1.29,ZA,1676772117
76,grindavik,63.8424,-22.4338,275.41,93,75,2.06,IS,1676772117
77,alofi,-19.0595,-169.9187,304.09,66,70,4.12,NU,1676772118
78,ostersund,63.1792,14.6357,270.71,80,20,11.32,SE,1676772118
79,amurzet,47.6967,131.0981,261.96,80,100,2.09,RU,1676772119
80,mahebourg,-20.4081,57.7,297.73,94,75,1.03,MU,1676772121
81,upernavik,72.7868,-56.1549,250.88,82,64,4.44,GL,1676772123
82,nelson bay,-32.7167,152.15,301.53,75,79,2.68,AU,1676772124
83,cherskiy,68.75,161.3,239.62,91,100,1.74,RU,1676772124
84,qaanaaq,77.484,-69.3632,251.97,58,99,3.62,GL,1676772126
85,diamantina,-18.2494,-43.6003,289.55,93,55,1.81,BR,1676772127
86,vityazevo,44.9931,37.2719,281.38,93,75,5.0,RU,1676772129
87,naze,28.3667,129.4833,294.66,61,81,4.14,JP,1676772131
88,chokurdakh,70.6333,147.9167,230.05,99,88,0.22,RU,1676772133
89,ust-nera,64.5667,143.2,241.36,91,83,1.22,RU,1676772136
90,aguimes,27.9054,-15.4461,288.5,74,75,5.14,ES,1676772137
91,kavaratti,10.5669,72.642,299.48,70,8,0.44,IN,1676772138
92,airai,-8.9266,125.4092,295.31,65,100,0.95,TL,1676772139
93,mackay,-21.15,149.2,304.08,60,55,6.87,AU,1676772140
94,dikson,73.5069,80.5464,256.94,98,100,8.4,RU,1676772141
95,port elizabeth,-33.918,25.5701,292.31,88,100,2.06,ZA,1676772142
96,saldanha,-33.0117,17.9442,290.42,89,0,4.51,ZA,1676772143
97,meitingen,48.55,10.85,284.05,71,100,5.66,DE,1676772144
98,barrow,71.2906,-156.7887,250.16,77,100,2.06,US,1676772145
99,rudbar,30.15,62.6,286.42,58,11,2.02,AF,1676772146
100,pangnirtung,66.1451,-65.7125,234.47,98,98,1.21,CA,1676772147
101,solnechnyy,50.7214,136.6319,260.4,86,98,1.65,RU,1676772148
102,anchorage,61.2181,-149.9003,273.52,91,100,3.09,US,1676772029
103,olafsvik,64.8945,-23.7142,274.8,90,100,6.2,IS,1676772148
104,guerrero negro,27.9769,-114.0611,288.92,67,100,5.17,MX,1676772150
105,tiksi,71.6872,128.8694,242.06,100,43,3.03,RU,1676772152
106,lorengau,-2.0226,147.2712,301.15,76,59,1.25,PG,1676772154
107,falmouth,50.1544,-5.0711,282.65,93,100,3.6,GB,1676771759
108,mandan,46.8267,-100.8896,276.14,78,40,4.63,US,1676771878
109,nanortalik,60.1432,-45.2371,269.37,92,100,7.17,GL,1676772155
110,tadine,-21.55,167.8833,300.13,60,14,6.21,NC,1676772156
111,broken hill,-31.95,141.4333,302.84,18,0,4.05,AU,1676772157
112,lebu,-37.6167,-73.65,287.14,91,71,6.93,CL,1676771974
113,coquimbo,-29.9533,-71.3436,293.0,72,0,3.6,CL,1676772157
114,grao mogol,-16.5594,-42.8897,292.69,84,63,1.46,BR,1676772158
115,okhotsk,59.3833,143.3,252.15,70,4,4.83,RU,1676772159
116,khatanga,71.9667,102.5,262.2,93,100,7.19,RU,1676772159
117,antofagasta,-23.65,-70.4,295.75,86,43,2.19,CL,1676771898
118,pisco,-13.7,-76.2167,297.18,83,0,8.23,PE,1676772160
119,karpathos,35.507,27.2132,285.13,76,2,0.51,GR,1676772160
120,saint-philippe,-21.3585,55.7679,297.92,81,86,3.79,RE,1676772161
121,mezen,65.8522,44.24,263.06,95,100,4.56,RU,1676772162
122,arraial do cabo,-22.9661,-42.0278,297.68,91,100,7.5,BR,1676772162
123,provideniya,64.3833,-173.3,255.21,60,20,8.0,RU,1676772163
124,baracoa,20.3467,-74.4958,297.35,74,1,6.67,CU,1676772163
125,mount gambier,-37.8333,140.7667,298.74,35,0,3.52,AU,1676772164
126,boende,-0.2167,20.8667,296.95,40,98,0.96,CD,1676772164
127,georgetown,5.4112,100.3354,302.11,76,20,4.63,MY,1676772165
128,khani,41.9563,42.9566,270.91,87,100,1.92,GE,1676772166
129,japura,-0.3167,102.35,299.4,83,88,1.6,ID,1676772166
130,luanda,-8.8368,13.2343,299.15,89,40,2.57,AO,1676772167
131,matay,28.419,30.7792,283.2,79,15,7.84,EG,1676772044
132,bilibino,68.0546,166.4372,252.03,94,100,0.29,RU,1676772168
133,asau,46.4333,26.4,282.75,80,58,7.59,RO,1676772171
134,butaritari,3.0707,172.7902,299.8,81,14,4.03,KI,1676772172
135,adrar,20.5022,-10.0711,295.84,16,100,0.89,MR,1676772173
136,saint george,37.1041,-113.5841,284.23,31,0,1.54,US,1676772037
137,narsaq,60.9167,-46.05,268.27,96,100,4.17,GL,1676772173
138,zyryanka,65.75,150.85,238.58,93,100,1.84,RU,1676772173
139,ogaminana,7.5946,6.2248,297.33,22,80,0.94,NG,1676772174
140,araouane,18.9048,-3.5265,293.77,15,4,4.06,ML,1676772174
141,vaini,-21.2,-175.2,301.24,89,75,3.09,TO,1676772175
142,orel-izumrud,43.4583,39.9244,279.16,81,100,7.15,RU,1676772175
143,mahibadhoo,3.7833,72.9667,299.95,73,81,4.78,MV,1676772175
144,hazorasp,41.3194,61.0742,273.06,61,100,4.69,UZ,1676772176
145,zaraza,9.3503,-65.3245,296.73,70,17,3.99,VE,1676772176
146,kavieng,-2.5744,150.7967,301.38,74,90,0.64,PG,1676772176
147,masterton,-40.9597,175.6575,294.2,45,0,2.59,NZ,1676772177
148,atuona,-9.8,-139.0333,299.38,77,51,7.61,PF,1676772177
149,bethel,41.3712,-73.414,277.35,54,12,0.89,US,1676772178
150,apartado,7.883,-76.6259,297.02,91,7,3.01,CO,1676772178
151,sibiti,-3.6819,13.3499,294.74,96,100,0.82,CG,1676772179
152,pyra,56.2953,43.3527,262.99,100,100,2.22,RU,1676772179
153,miguel hidalgo,19.4225,-99.2028,292.83,41,0,2.06,MX,1676772180
154,mount darwin,-16.7725,31.5838,290.67,95,100,0.87,ZW,1676772180
155,chuy,-33.6971,-53.4616,286.27,56,0,2.81,UY,1676772180
156,cabinda,-5.55,12.2,299.6,88,100,3.22,AO,1676772181
157,moree,-29.4667,149.85,306.79,33,26,2.58,AU,1676772182
158,mushie,-3.0167,16.9,296.66,78,100,0.22,CD,1676772183
159,catamarca,-28.4696,-65.7852,290.8,60,70,3.58,AR,1676772086
160,champerico,14.3,-91.9167,298.93,75,0,2.65,GT,1676772184
161,beatrice,40.2681,-96.747,279.92,52,0,7.2,US,1676772186
162,bengkulu,-3.8004,102.2655,300.51,74,95,0.68,ID,1676772188
163,broome,42.2506,-75.833,274.74,59,0,4.12,US,1676772189
164,bandarbeyla,9.4942,50.8122,296.32,79,4,7.78,SO,1676772190
165,imst,47.2684,10.6698,272.74,91,94,2.27,AT,1676772191
166,wuxi,31.5689,120.2886,282.03,66,100,4.72,CN,1676772191
167,maningrida,-12.0667,134.2667,303.67,62,100,3.09,AU,1676772193
168,ukwa,21.9667,80.4667,289.58,43,0,1.22,IN,1676772193
169,alexandria,31.2156,29.9553,284.45,69,3,3.69,EG,1676772135
170,iqaluit,63.7506,-68.5145,236.0,67,0,5.14,CA,1676772025
171,tuktoyaktuk,69.4541,-133.0374,241.15,75,20,5.14,CA,1676772195
172,ahipara,-35.1667,173.1667,294.63,62,23,2.43,NZ,1676772195
173,aklavik,68.2191,-135.0107,250.18,97,100,4.52,CA,1676772196
174,canon city,38.441,-105.2424,282.24,25,0,10.29,US,1676772196
175,port macquarie,-31.4333,152.9167,303.09,57,65,5.05,AU,1676772197
176,myitkyina,25.3833,97.4,293.42,41,80,0.76,MM,1676772198
177,suratgarh,29.3167,73.9,292.24,23,9,2.5,IN,1676772198
178,port blair,11.6667,92.75,297.17,94,20,0.0,IN,1676772198
179,tambo grande,-4.9269,-80.3447,301.0,63,96,2.17,PE,1676772199
180,batticaloa,7.7102,81.6924,299.23,80,88,4.46,LK,1676772200
181,camacha,33.0833,-16.3333,287.83,77,20,5.14,PT,1676772202
182,homer,59.6425,-151.5483,275.24,94,100,1.32,US,1676772204
183,chengde,40.9725,117.9361,270.82,55,1,2.4,CN,1676772204
184,petropavlovsk-kamchatskiy,53.0452,158.6483,261.48,48,40,4.0,RU,1676772205
185,pacific grove,36.6177,-121.9166,287.42,71,0,1.34,US,1676772011
186,lucapa,-8.4192,20.7447,291.32,89,100,0.96,AO,1676772207
187,altay,47.8667,88.1167,261.66,51,10,2.47,CN,1676772208
188,agadez,19.75,10.25,285.87,23,0,4.53,NE,1676772209
189,gizo,-8.103,156.8419,302.22,63,79,1.58,SB,1676772210
190,fuente de oro,3.4594,-73.6128,298.64,48,77,1.94,CO,1676772211
191,road town,18.4167,-64.6167,297.17,73,40,5.66,VG,1676772049
192,east london,-33.0153,27.9116,293.53,87,29,1.64,ZA,1676772212
193,la rioja,42.25,-2.5,271.03,74,21,1.21,ES,1676772212
194,la palma,33.8464,-118.0467,290.3,43,0,4.63,US,1676772213
195,marovoay,-16.1,46.6333,297.07,98,100,0.75,MG,1676772213
196,kuryk,43.2,51.65,277.37,87,97,5.33,KZ,1676772214
197,fairbanks,64.8378,-147.7164,262.64,83,100,0.97,US,1676772210
198,biak,-0.9131,122.8766,301.95,66,38,0.72,ID,1676772214
199,aswan,24.0934,32.907,286.76,41,0,2.57,EG,1676772216
200,mariinsk,56.2139,87.7472,265.43,86,57,4.76,RU,1676772216
201,tasiilaq,65.6145,-37.6368,268.24,92,100,14.94,GL,1676772216
202,castro,-24.7911,-50.0119,286.41,97,100,4.64,BR,1676772217
203,maroon town,18.3446,-77.7954,295.15,92,2,2.49,JM,1676772218
204,ostrovnoy,68.0531,39.5131,268.32,85,100,9.38,RU,1676772219
205,emerald,-23.5333,148.1667,305.01,45,100,3.57,AU,1676772220
206,saint anthony,45.0205,-93.218,274.93,81,100,3.6,US,1676772222
207,saurimo,-9.6608,20.3916,291.36,99,100,1.48,AO,1676772223
208,kargasok,59.0556,80.8572,260.65,96,100,2.44,RU,1676772224
209,sur,22.5667,59.5289,295.28,69,64,3.13,OM,1676772224
210,hit,33.6416,42.8251,280.93,41,0,1.42,IQ,1676772225
211,kangaatsiaq,68.3065,-53.4641,257.65,98,100,3.51,GL,1676772225
212,port arthur,38.8,121.2667,275.27,51,0,9.29,CN,1676772226
213,sitka,57.0531,-135.33,277.09,87,100,3.09,US,1676772226
214,neiafu,-18.65,-173.9833,302.53,79,40,1.03,TO,1676772227
215,sapa,5.1544,120.3241,300.9,76,56,2.63,PH,1676772227
216,baruun-urt,46.6806,113.2792,260.12,65,0,6.84,MN,1676772228
217,ilulissat,69.2167,-51.1,271.16,46,75,9.26,GL,1676772229
218,ribeira grande,38.5167,-28.7,288.58,87,94,2.24,PT,1676772229
219,colomiers,43.6167,1.35,280.58,87,0,2.06,FR,1676772230
220,svecha,58.2785,47.5164,252.42,100,100,2.38,RU,1676772230
221,arlit,18.7369,7.3853,288.34,20,0,2.2,NE,1676772231
222,namibe,-15.1961,12.1522,293.39,72,100,2.7,AO,1676772231
223,tateyama,34.9833,139.8667,291.54,79,55,18.94,JP,1676772232
224,enniscorthy,52.5008,-6.5578,281.94,89,78,3.87,IE,1676772232
225,lukulu,-14.3707,23.242,290.5,90,100,2.74,ZM,1676772233
226,tiarei,-17.5333,-149.3333,303.16,73,9,3.84,PF,1676772233
227,college,64.8569,-147.8028,263.14,85,100,0.0,US,1676772003
228,tuatapere,-46.1333,167.6833,288.4,91,95,4.98,NZ,1676772234
229,lieksa,63.3167,30.0167,266.74,90,100,5.08,FI,1676772235
230,avsyunino,55.5652,39.1232,263.57,92,100,4.1,RU,1676772235
231,faanui,-16.4833,-151.75,301.25,67,1,3.92,PF,1676772236
232,grimshaw,56.1834,-117.6027,257.94,78,100,2.06,CA,1676772237
233,atambua,-9.1061,124.8925,300.57,71,99,0.89,ID,1676772238
234,jacqueville,5.2052,-4.4146,300.04,84,45,3.27,CI,1676772238
235,bambous virieux,-20.3428,57.7575,297.71,94,75,1.03,MU,1676772239
236,mao,39.8885,4.2658,281.46,93,0,2.06,ES,1676772240
237,eucaliptus,-17.5833,-67.5167,281.69,72,100,3.27,BO,1676772240
238,itarema,-2.9248,-39.9167,298.0,90,100,4.29,BR,1676772241
239,san miguel el alto,21.0167,-102.35,291.58,29,0,0.46,MX,1676772242
240,mersing,2.4312,103.8405,300.1,83,20,5.14,MY,1676772243
241,zabol,32.25,67.25,281.24,55,71,2.3,AF,1676772244
242,fengcheng,40.4536,124.0717,272.23,43,0,4.2,CN,1676772245
243,san patricio,28.017,-97.5169,288.06,74,100,4.24,US,1676772245
244,hami,42.8,93.45,272.84,24,100,0.83,CN,1676772246
245,ossora,59.2353,163.0719,255.45,76,99,1.37,RU,1676772246
246,ormara,25.2088,64.6357,297.14,51,16,4.23,PK,1676772247
247,aleksandrov gay,50.147,48.5704,264.72,95,100,6.93,RU,1676772248
248,norman wells,65.282,-126.8329,250.17,70,75,3.09,CA,1676772248
249,sarab,38.6066,44.9883,272.77,40,0,1.03,IR,1676772249
250,hofn,64.2539,-15.2082,275.88,94,100,3.84,IS,1676772249
251,zaysan,47.4667,84.8667,261.54,74,99,1.44,KZ,1676772250
252,cabra,37.4725,-4.4421,283.95,63,98,1.97,ES,1676772251
253,betul,21.9153,77.8961,290.19,38,0,1.05,IN,1676772252
254,henties bay,-22.116,14.2845,291.22,81,88,2.44,NA,1676772253
255,sa kaeo,13.75,102.3333,303.16,36,48,3.04,TH,1676772113
256,meiktila,20.8667,95.8667,298.11,35,0,1.98,MM,1676772255
257,botucatu,-22.8858,-48.445,289.09,93,97,5.6,BR,1676772257
258,faya,18.3851,42.4509,283.21,75,2,0.67,SA,1676772259
259,boda,4.3189,17.4695,295.04,27,27,1.94,CF,1676772259
260,saint-georges,12.0564,-61.7485,297.97,78,20,6.17,GD,1676772260
261,pochutla,15.7432,-96.4661,297.19,65,5,1.38,MX,1676772261
262,longyearbyen,78.2186,15.6401,260.06,61,40,5.66,SJ,1676772262
263,port-cartier,50.0334,-66.8654,261.97,94,68,3.0,CA,1676772104
264,havoysund,70.9963,24.6622,273.28,97,100,1.06,NO,1676772263
265,muros,42.7762,-9.0603,279.64,81,0,2.74,ES,1676772264
266,jinsha,32.0898,121.0735,281.48,74,89,7.24,CN,1676772265
267,zabaykalsk,49.6333,117.3167,255.52,93,46,4.17,RU,1676772265
268,pedernales,18.0384,-71.744,297.55,69,2,0.95,DO,1676772266
269,mandalgovi,45.7625,106.2708,264.9,49,0,2.07,MN,1676772267
270,krasnoarmeysk,51.0239,45.6969,264.23,96,100,5.11,RU,1676772267
271,saint-leu,-21.15,55.2833,297.63,89,52,0.49,RE,1676772268
272,trelew,-43.249,-65.3051,292.35,41,100,9.65,AR,1676772269
273,atar,20.5169,-13.0499,297.99,17,100,3.77,MR,1676772270
274,saint-francois,46.4154,3.9054,280.75,93,99,1.3,FR,1676772271
275,kalangala,-0.3089,32.225,294.79,50,83,4.33,UG,1676772271
276,sokolo,14.7328,-6.1219,297.05,14,22,4.35,ML,1676772272
277,tapejara,-28.0681,-52.0139,284.74,44,66,3.71,BR,1676772274
278,yulara,-25.2406,130.9889,307.29,23,0,11.18,AU,1676772108
279,ust-ordynskiy,52.805,104.7508,251.93,99,100,0.78,RU,1676772275
280,richards bay,-28.783,32.0377,295.16,93,68,2.16,ZA,1676772275
281,andra,62.5147,65.8878,248.82,100,100,1.49,RU,1676772276
282,beidao,34.5686,105.8933,275.09,31,90,0.17,CN,1676772277
283,sulina,45.1559,29.6536,281.45,83,100,5.49,RO,1676772277
284,muisne,0.6,-80.0333,298.07,89,95,2.13,EC,1676772278
285,qaqortoq,60.7167,-46.0333,267.95,96,100,5.58,GL,1676772279
286,ixtapa,20.7,-105.2,296.61,88,0,1.54,MX,1676772279
287,havelock,34.8791,-76.9013,279.78,79,0,3.09,US,1676772020
288,mecca,21.4267,39.8261,295.06,62,11,0.84,SA,1676772280
289,dauriya,49.9333,116.8667,254.89,92,51,3.48,RU,1676772280
290,grand gaube,-20.0064,57.6608,297.8,84,55,0.45,MU,1676772281
291,gorontalo,0.5412,123.0595,304.92,59,20,1.33,ID,1676772281
292,defiance,41.3334,-84.45,276.29,65,0,5.14,US,1676772282
293,kirakira,-10.4544,161.9205,301.95,73,97,1.32,SB,1676772282
294,mar del plata,-38.0023,-57.5575,289.75,78,0,4.92,AR,1676772283
295,sept-iles,50.2001,-66.3821,262.15,71,75,2.06,CA,1676772097
296,biltine,14.5333,20.9167,290.19,19,4,8.23,TD,1676772283
297,verkhneyarkeyevo,55.4505,54.3145,250.68,100,99,2.38,RU,1676772284
298,sorland,67.667,12.6934,276.07,74,50,7.07,NO,1676772284
299,yatsushiro,32.5,130.6,287.37,93,100,5.25,JP,1676772284
300,inirida,3.8653,-67.9239,297.61,72,25,0.66,CO,1676772284
301,maceio,-9.6658,-35.7353,297.84,88,20,0.51,BR,1676772018
302,ewa beach,21.3156,-158.0072,299.12,78,20,6.71,US,1676772285
303,buraydah,26.326,43.975,282.4,27,87,3.22,SA,1676772285
304,erenhot,43.6475,111.9767,266.46,41,0,5.33,CN,1676772286
305,isangel,-19.55,169.2667,301.59,59,0,6.31,VU,1676772286
306,sao lourenco do sul,-31.3653,-51.9783,289.1,41,1,2.44,BR,1676772286
307,karratha,-20.7377,116.8463,306.52,45,27,3.82,AU,1676772287
308,nuuk,64.1835,-51.7216,270.86,86,100,1.79,GL,1676772287
309,shahr-e babak,30.1165,55.1186,279.11,52,70,1.27,IR,1676772287
310,sao joao da barra,-21.6403,-41.0511,298.04,89,98,6.65,BR,1676772288
311,sorong,-0.8833,131.25,299.92,78,100,3.6,ID,1676772288
312,pindiga,9.9833,10.9333,292.19,23,4,4.89,NG,1676772289
313,preobrazheniye,42.9019,133.9064,270.8,90,100,1.98,RU,1676772289
314,omsukchan,62.5333,155.8,244.29,92,100,2.31,RU,1676772290
315,erzurum,40.0,41.5,265.97,93,100,2.76,TR,1676772290
316,strezhevoy,60.7333,77.5889,258.86,96,100,1.68,RU,1676772291
317,victoria,22.2855,114.1577,296.07,80,96,1.79,HK,1676772044
318,ponta pora,-22.5361,-55.7256,285.61,75,39,2.18,BR,1676772292
319,bubaque,11.2833,-15.8333,296.21,72,94,4.91,GW,1676772292
320,laguna,38.421,-121.4238,286.27,38,0,2.06,US,1676772293
321,tikapur,28.5,81.1333,290.12,56,0,1.39,NP,1676772293
322,makungu,-8.7333,35.2833,290.83,99,99,1.32,TZ,1676772294
323,warrington,53.3925,-2.5802,282.77,83,100,8.23,GB,1676772294
324,ambon,-3.6954,128.1814,300.23,89,40,1.03,ID,1676772294
325,walvis bay,-22.9575,14.5053,290.68,77,46,2.06,NA,1676772295
326,souillac,-20.5167,57.5167,297.36,94,75,1.03,MU,1676772295
327,batagay-alyta,67.8006,130.4114,240.94,95,42,1.59,RU,1676772295
328,mongo,12.1844,18.693,292.98,16,0,3.35,TD,1676772296
329,rawson,-43.3002,-65.1023,291.52,48,100,10.45,AR,1676772101
330,simpang,-1.2667,104.0833,301.09,75,77,2.58,ID,1676772297
331,oranjemund,-28.55,16.4333,291.68,79,100,1.53,NA,1676772298
332,butembo,0.15,29.2833,288.06,52,46,1.04,CD,1676772298
333,talsi,57.2456,22.5814,272.98,78,16,5.96,LV,1676772299
334,bara,10.3744,10.7288,291.51,25,1,3.58,NG,1676772300
335,new glasgow,45.5834,-62.6486,266.36,85,100,3.09,CA,1676772043
336,loyga,61.0784,44.6075,252.49,100,95,1.91,RU,1676772301
337,komsomolskiy,40.4272,71.7189,278.55,87,75,0.0,UZ,1676772302
338,lagoa,39.05,-27.9833,287.24,82,11,3.91,PT,1676772302
339,paamiut,61.994,-49.6678,269.05,89,100,14.58,GL,1676772303
340,jiguani,20.3667,-76.4272,296.03,80,0,3.81,CU,1676772305
341,severnyy,50.677,36.5532,274.17,93,100,5.0,RU,1676772306
342,saint-augustin,51.226,-58.6502,259.5,87,100,3.45,CA,1676772306
343,kotelnich,58.3089,48.348,250.62,100,99,1.62,RU,1676772310
344,dhali,10.5,77.1667,293.11,53,5,1.17,IN,1676772311
345,deputatskiy,69.3,139.9,237.1,90,81,1.58,RU,1676772313
346,yatou,37.15,122.3833,276.02,49,15,8.09,CN,1676772314
347,rocha,-34.4833,-54.3333,285.02,56,0,1.81,UY,1676772146
348,araguaina,-7.1911,-48.2072,296.29,93,100,0.94,BR,1676772314
349,kamenka,51.3223,42.7678,266.31,95,100,4.81,RU,1676772315
350,korla,41.7597,86.1469,272.31,75,100,1.15,CN,1676772315
351,boma,7.0805,-2.1697,293.16,31,17,0.54,GH,1676772316
352,loiza,18.4313,-65.8802,298.19,77,40,7.2,PR,1676772317
353,harper,4.375,-7.7169,299.18,88,8,2.22,LR,1676772317
354,guadalajara,20.6667,-103.3333,293.22,35,1,0.57,MX,1676772029
355,holland,42.7875,-86.1089,275.31,78,0,2.57,US,1676772318
356,carberry,49.8689,-99.3602,270.28,95,100,3.38,CA,1676772319
357,kaitangata,-46.2817,169.8464,297.37,45,100,5.17,NZ,1676772321
358,chara,56.9064,118.2631,254.33,77,78,0.49,RU,1676772322
359,rorvik,64.8621,11.2373,274.21,75,100,8.23,NO,1676772323
360,tepusteca,15.4167,-86.3167,290.94,96,31,0.51,HN,1676772324
361,orchard homes,46.8633,-114.0484,274.59,89,97,1.34,US,1676772149
362,jackson,42.4165,-122.8345,281.68,54,76,0.7,US,1676772175
363,cozumel,20.5083,-86.9458,298.75,88,40,2.68,MX,1676772329
364,abnub,27.2696,31.1511,282.27,73,99,4.6,EG,1676772332
365,grand-lahou,5.1367,-5.0242,299.2,88,16,1.67,CI,1676772335
366,prince rupert,54.3161,-130.3201,276.98,93,100,5.14,CA,1676772337
367,kaeo,-35.1,173.7833,295.51,58,15,4.25,NZ,1676772220
368,pulandian,39.3953,121.9669,275.06,36,0,7.01,CN,1676772338
369,santo domingo,18.5001,-69.9886,297.61,78,20,3.09,DO,1676772155
370,chirongui,-12.9319,45.1483,300.11,70,64,2.27,YT,1676772339
371,la ronge,55.1001,-105.2842,253.29,59,0,3.09,CA,1676772340
372,tarko-sale,64.9225,77.785,254.0,99,99,2.23,RU,1676772340
373,muroran,42.3172,140.9881,274.52,85,100,2.82,JP,1676772341
374,veraval,20.9,70.3667,297.02,39,0,3.56,IN,1676772342
375,zhezkazgan,47.8043,67.7144,254.14,84,100,2.0,KZ,1676772342
376,dzaoudzi,-12.7887,45.2699,300.09,83,0,1.54,YT,1676772343
377,aljezur,37.3191,-8.8033,285.7,85,90,1.51,PT,1676772345
378,santa cruz,-17.8,-63.1667,292.85,64,75,5.66,BO,1676772346
379,san vicente,-26.6167,-54.1333,286.08,39,46,2.35,AR,1676772348
380,cartagena,10.3997,-75.5144,298.94,78,0,5.14,CO,1676772132
381,kutum,14.2,24.6667,284.54,24,0,4.31,SD,1676772349
382,bud,39.447,-86.1758,278.53,57,100,4.5,US,1676772350
383,westport,41.1415,-73.3579,278.05,61,0,6.17,US,1676772327
384,nemuro,43.3236,145.575,271.48,60,100,5.49,JP,1676772351
385,sirur,18.8333,74.3833,293.85,25,0,2.2,IN,1676772351
386,tarauaca,-8.1614,-70.7656,295.89,99,100,2.51,BR,1676772352
387,kampli,15.4,76.6167,293.73,54,0,1.92,IN,1676772352
388,jefferson city,38.5767,-92.1735,282.47,56,100,5.91,US,1676772066
389,zavodouspenskoye,56.8626,65.0155,257.31,97,100,1.96,RU,1676772353
390,najran,17.4924,44.1277,283.51,58,0,1.1,SA,1676772353
391,kaspiyskiy,45.3929,47.3707,273.92,87,100,4.05,RU,1676772353
392,pringsewu,-5.3582,104.9744,300.03,80,97,0.34,ID,1676772354
393,san fernando,15.0286,120.6898,303.0,59,100,3.02,PH,1676772270
394,nkoteng,4.5167,12.0333,291.49,36,7,1.16,CM,1676772354
395,dongkan,33.9997,119.8308,277.65,43,13,6.2,CN,1676772113
396,rio grande,-32.035,-52.0986,290.8,55,81,4.92,BR,1676772355
397,mogadishu,2.0371,45.3438,296.9,84,82,7.92,SO,1676772144
398,bundoran,54.4778,-8.2809,281.05,92,74,4.37,IE,1676772356
399,hualmay,-11.0964,-77.6139,297.37,76,95,3.48,PE,1676772356
400,avera,33.194,-82.5271,277.54,49,2,2.52,US,1676772357
401,codrington,-38.2667,141.9667,297.23,44,0,4.36,AU,1676772357
402,balykshi,47.0667,51.8667,268.15,93,100,4.0,KZ,1676772358
403,springfield,37.2153,-93.2982,281.05,39,100,5.66,US,1676772189
404,oranjestad,12.524,-70.027,298.12,78,20,6.17,AW,1676772358
405,jasper,37.2001,-94.3502,281.18,39,100,7.2,US,1676772359
406,seoul,37.5683,126.9778,278.81,84,40,5.14,KR,1676772020
407,erie,42.7667,-78.6664,275.93,71,89,4.91,US,1676772358
408,gazanjyk,39.2446,55.5154,278.17,50,100,0.41,TM,1676772360
409,clyde river,70.4692,-68.5914,244.28,76,100,7.2,CA,1676772360
410,kargalinskaya,43.7417,46.4792,274.06,77,100,3.28,RU,1676772362
411,newport,51.5877,-2.9984,282.77,86,58,5.37,GB,1676772131
412,manado,1.487,124.8455,301.58,83,40,3.09,ID,1676772365
413,snizhne,48.0261,38.7723,272.44,95,100,5.45,UA,1676772366
414,leningradskiy,69.3833,178.4167,237.19,97,54,1.27,RU,1676772368
415,vila velha,-20.3297,-40.2925,298.12,93,20,1.54,BR,1676772369
416,george town,5.4112,100.3354,302.11,76,20,4.63,MY,1676772370
417,santa fe,-31.6333,-60.7,289.98,24,2,1.96,AR,1676772285
418,acapulco,16.8634,-99.8901,301.05,69,40,3.09,MX,1676772233
419,bangangte,5.1409,10.5198,290.33,41,23,0.34,CM,1676772372
420,vardo,70.3705,31.1107,271.14,86,100,3.6,NO,1676772372
421,raudeberg,61.9875,5.1352,273.52,76,100,2.06,NO,1676772373
422,shingu,33.7333,135.9833,290.37,86,96,8.83,JP,1676772373
423,swan hill,-35.3378,143.5544,302.95,20,4,3.34,AU,1676772374
424,flin flon,54.7682,-101.865,248.32,99,59,2.23,CA,1676772375
425,boddam,57.4667,-1.7833,273.39,85,73,4.9,GB,1676772375
426,tomatlan,19.9333,-105.25,293.16,86,0,0.85,MX,1676772376
427,banjar,-8.19,114.9675,302.21,69,94,1.39,ID,1676772376
428,klaksvik,62.2266,-6.589,273.66,67,100,2.13,FO,1676772377
429,egvekinot,66.3167,-179.1667,246.22,85,100,4.18,RU,1676772379
430,caravelas,-17.7125,-39.2481,297.43,90,6,2.0,BR,1676772380
431,itoman,26.1247,127.6694,296.36,60,75,3.6,JP,1676772381
432,joensuu,62.6012,29.7632,268.42,80,100,6.17,FI,1676772382
433,talnakh,69.4865,88.3972,259.38,95,100,3.88,RU,1676772383
434,ngunguru,-35.6167,174.5,293.16,68,0,3.82,NZ,1676772383
435,lumding,25.7535,93.1732,293.2,44,0,0.34,IN,1676772385
436,torbay,47.6666,-52.7314,265.31,90,75,3.09,CA,1676772385
437,carson city,39.1638,-119.7674,279.61,50,0,1.54,US,1676772386
438,magadan,59.5667,150.8,254.0,70,0,2.81,RU,1676772387
439,cap malheureux,-19.9842,57.6142,297.85,84,57,0.45,MU,1676772387
440,acajutla,13.5928,-89.8275,300.93,54,13,4.06,SV,1676772390
441,tamandare,-8.7597,-35.1047,298.94,79,43,3.21,BR,1676772394
442,hohhot,40.8106,111.6522,263.31,73,0,2.0,CN,1676772395
443,dingle,10.9995,122.6711,299.93,80,100,2.08,PH,1676772396
444,semnan,35.5729,53.3971,274.07,47,1,0.84,IR,1676772396
445,buala,-8.145,159.5921,302.51,66,100,1.94,SB,1676772397
446,tazmalt,36.3868,4.3989,284.34,44,0,2.16,DZ,1676772398
447,hambantota,6.1241,81.1185,297.34,100,40,3.09,LK,1676772378
448,turbat,26.0023,63.044,294.15,26,0,0.13,PK,1676772104
449,namatanai,-3.6667,152.4333,302.19,69,100,2.96,PG,1676772398
450,safonovo,55.15,33.2167,268.54,97,100,2.51,RU,1676772399
451,oistins,13.0667,-59.5333,298.2,78,20,7.72,BB,1676772399
452,kibre mengist,5.8833,38.9833,283.34,49,15,1.48,ET,1676772399
453,laktasi,44.9081,17.3008,277.07,93,0,1.03,BA,1676772400
454,andenes,69.3143,16.1194,272.55,80,100,1.54,NO,1676772169
455,ayan,56.45,138.1667,257.17,72,18,0.8,RU,1676772400
456,newtown saint boswells,55.5833,-2.6833,277.18,95,100,0.79,GB,1676772401
457,jablah,35.3614,35.9256,279.31,75,0,2.06,SY,1676772401
458,barra do bugres,-15.0725,-57.1811,293.25,94,100,1.85,BR,1676772402
459,chabahar,25.2919,60.643,295.76,68,11,6.23,IR,1676772328
460,buckeye,33.3703,-112.5838,293.6,26,0,2.06,US,1676772313
461,hamilton,39.1834,-84.5333,278.38,53,0,3.09,US,1676772265
462,nome,64.5011,-165.4064,258.19,85,75,0.0,US,1676772404
463,yanam,16.7333,82.2167,295.38,79,0,0.5,IN,1676772405
464,sechura,-5.5569,-80.8222,299.2,72,78,4.83,PE,1676772406
465,leticia,-4.2153,-69.9406,299.18,89,75,0.0,CO,1676772406
466,totness,5.8833,-56.3167,297.86,83,95,4.71,SR,1676772407
467,quatre cocos,-20.2078,57.7625,297.64,85,74,5.03,MU,1676772407
468,jibuti,11.5,42.5,291.12,65,0,2.47,DJ,1676772407
469,bilma,18.6853,12.9164,288.53,22,3,3.4,NE,1676772408
470,capaci,38.1711,13.2393,283.51,83,0,2.06,IT,1676772228
471,coos bay,43.3665,-124.2179,282.59,91,40,5.66,US,1676772347
472,yamada,39.4667,141.95,276.0,99,100,0.49,JP,1676772408
473,abu samrah,35.3029,37.1841,278.73,74,0,1.56,SY,1676772409
474,vice,-5.4167,-80.7833,299.71,68,81,4.75,PE,1676772409
475,purpe,64.4803,76.6897,254.39,97,100,2.12,RU,1676772410
476,qurbus,36.8167,10.5687,280.17,78,0,2.96,TN,1676772410
477,tyshkivka,48.4967,30.9423,275.63,94,100,6.56,UA,1676772411
478,natal,-5.795,-35.2094,300.51,89,20,2.57,BR,1676772411
479,nivala,63.9167,24.9667,268.53,96,100,1.94,FI,1676772412
480,bereda,43.2686,-7.5406,280.05,96,84,1.84,ES,1676772412
481,bratsk,56.1325,101.6142,253.42,100,100,0.8,RU,1676772413
482,kloulklubed,7.0419,134.2556,300.77,83,100,7.82,PW,1676772413
483,nouadhibou,20.931,-17.0347,290.7,73,100,9.29,MR,1676772414
484,towada,40.6127,141.2067,277.15,100,100,0.79,JP,1676772414
485,honningsvag,70.9821,25.9704,273.01,86,20,3.6,NO,1676772415
486,chapais,49.7834,-74.8492,256.03,88,76,3.67,CA,1676772415
487,ndende,-2.4008,11.3581,297.17,94,100,1.06,GA,1676772416
488,pierre,44.3683,-100.351,274.97,77,0,1.79,US,1676772417
489,hokitika,-42.7167,170.9667,292.83,70,100,3.38,NZ,1676772417
490,chapadinha,-3.7417,-43.3603,295.28,98,100,1.19,BR,1676772418
491,bonavista,48.6499,-53.1147,265.67,72,62,5.82,CA,1676772418
492,labuhan,-6.8844,112.2051,300.84,76,96,4.32,ID,1676772419
493,sao filipe,14.8961,-24.4956,294.63,74,100,2.96,CV,1676772419
494,barranca,-10.75,-77.7667,297.12,75,99,2.83,PE,1676772420
495,baghdad,33.3406,44.4009,276.1,65,0,0.51,IQ,1676772353
496,manaure,11.7751,-72.4445,297.51,76,0,7.04,CO,1676772420
497,norsup,-16.0667,167.3833,302.29,69,94,4.77,VU,1676772421
498,hasaki,35.7333,140.8333,291.37,72,100,14.08,JP,1676772422
499,san andres,12.5847,-81.7006,300.16,78,20,5.14,CO,1676772423
500,mindelo,16.8901,-24.9804,292.9,73,40,7.72,CV,1676772423
501,darhan,49.4867,105.9228,255.99,90,23,1.5,MN,1676772424
502,nabire,-3.3667,135.4833,297.57,96,100,2.06,ID,1676772425
503,nara,34.6851,135.8049,287.54,97,100,4.67,JP,1676772427
504,nantucket,41.2835,-70.0995,276.18,74,0,6.17,US,1676772333
505,dundee,56.5,-2.9667,276.81,97,75,3.09,GB,1676772428
506,puerto madryn,-42.7692,-65.0385,292.84,48,100,12.02,AR,1676772430
507,mbanza-ngungu,-5.25,14.8667,294.08,96,100,1.81,CD,1676772430
508,opuwo,-18.0607,13.84,286.59,57,100,0.63,NA,1676772137
509,khuzdar,27.7384,66.6434,288.64,18,4,2.39,PK,1676772431
510,flinders,-34.5833,150.8552,301.03,66,61,1.79,AU,1676772432
511,marrakesh,31.6315,-8.0083,286.19,67,43,1.03,MA,1676772432
512,vao,-22.6667,167.4833,297.74,67,60,6.35,NC,1676772433
513,anloga,5.7947,0.8973,299.37,73,55,2.51,GH,1676772433
514,jelgava,56.65,23.7128,275.17,77,23,5.84,LV,1676772434
515,wittmund,53.5667,7.7833,277.71,96,100,1.54,DE,1676772435
516,francisco beltrao,-26.0811,-53.055,287.76,35,12,3.22,BR,1676772436
517,vilcun,-38.65,-72.2333,283.56,80,56,0.55,CL,1676772436
518,port keats,-14.25,129.55,303.64,66,100,2.72,AU,1676772437
519,maniitsoq,65.4167,-52.9,269.41,95,100,3.14,GL,1676772438
520,beloha,-25.1667,45.05,297.01,86,74,0.37,MG,1676772439
521,gambissara,13.2382,-14.3108,297.4,49,87,2.67,SN,1676772439
522,praia da vitoria,38.7333,-27.0667,286.35,88,20,2.79,PT,1676772439
523,pangody,65.85,74.4859,252.47,99,47,3.49,RU,1676772440
524,klichka,50.4457,117.996,257.04,87,65,1.99,RU,1676772440
525,fukue,32.6881,128.8419,285.31,72,100,12.09,JP,1676772441
526,nueva loja,0.0847,-76.8828,297.0,82,100,1.35,EC,1676772441
527,jijiga,9.35,42.8,285.76,21,9,3.13,ET,1676772442
528,shamkhal,43.0596,47.3373,274.14,52,94,1.89,RU,1676772442
529,nanae,41.8833,140.6833,275.43,90,100,2.08,JP,1676772442
530,dunedin,-45.8742,170.5036,297.48,51,100,0.89,NZ,1676772371
531,leninskoye,41.7589,69.3864,274.66,62,26,2.15,KZ,1676772443
532,lavrentiya,65.5833,-171.0,249.33,90,97,2.89,RU,1676772444
533,makakilo city,21.3469,-158.0858,298.4,77,20,6.69,US,1676772444
534,chenghai,23.4632,116.768,294.83,60,50,1.53,CN,1676772445
535,dubti,11.7361,41.0853,293.75,33,2,1.66,ET,1676772445
536,laval,45.57,-73.692,273.3,79,75,7.2,CA,1676772446
537,aketi,2.7388,23.7833,293.23,43,100,0.91,CD,1676772447
538,katherine,-14.4667,132.2667,303.33,66,100,1.54,AU,1676772447
539,rock sound,24.9,-76.2,297.75,73,0,6.28,BS,1676772448
540,rong kwang,18.339,100.3174,299.71,37,0,1.28,TH,1676772450
541,jumla,29.2747,82.1838,282.18,47,89,1.54,NP,1676772451
542,inongo,-1.95,18.2667,296.74,57,100,1.95,CD,1676772452
543,lakhnadon,22.6,79.6,290.25,41,0,1.28,IN,1676772453
544,margate,51.3813,1.3862,283.08,77,68,1.79,GB,1676772203
545,codajas,-3.8367,-62.0569,296.35,97,100,0.8,BR,1676772454
546,yecla,38.6137,-1.1147,276.92,68,3,0.78,ES,1676772455
547,puteyets,65.1716,57.091,249.45,100,83,1.72,RU,1676772455
548,port shepstone,-30.7414,30.455,294.95,84,59,2.93,ZA,1676772455
549,kidal,18.4411,1.4078,291.1,16,0,5.16,ML,1676772456
550,vershino-darasunskiy,52.35,115.5167,256.73,66,13,3.01,RU,1676772457
551,dyersburg,36.0345,-89.3856,282.23,43,0,0.0,US,1676772457
552,atikokan,48.7555,-91.6216,270.74,91,100,2.98,CA,1676772458
553,riyadh,24.6877,46.7219,282.23,26,51,3.4,SA,1676772460
